<?xml version = '1.0'?>
<!DOCTYPE connections>
<connections>
   <connection>
      <ConnectionType>IAS</ConnectionType>
      <DeployPassword>true</DeployPassword>
      <user>admin</user>
      <JNDI_INITIAL_CONTEXT_FACTORY>com.evermind.server.rmi.RMIInitialContextFactory</JNDI_INITIAL_CONTEXT_FACTORY>
      <ConnectionName>OC4J_Standalone</ConnectionName>
      <TARGET_NODE>http-web-site</TARGET_NODE>
      <URL>ormi://IBRYSON-UK/</URL>
      <password>admin</password>
      <IAS_HOME>D:\jdeveloper\j2ee\home</IAS_HOME>
   </connection>
   <connection>
      <ConnectionType>IAS</ConnectionType>
      <DeployPassword>true</DeployPassword>
      <user>admin</user>
      <JNDI_INITIAL_CONTEXT_FACTORY>com.evermind.server.rmi.RMIInitialContextFactory</JNDI_INITIAL_CONTEXT_FACTORY>
      <ConnectionName>WSiasConnection</ConnectionName>
      <TARGET_NODE>http-web-site</TARGET_NODE>
      <URL>ormi://IBRYSON-UK/</URL>
      <password>admin</password>
      <IAS_HOME>D:\jdeveloper\j2ee\home</IAS_HOME>
   </connection>
</connections>
